id,Player,Seasons,Possessions,Rapm
380,LeBron James,2017-21,67958,5.42
128,Stephen Curry,2017-21,54315,5.4
514,Joel Embiid,2017-21,41599,4.98
820,Chris Paul,2017-21,56847,4.28
649,Giannis Antetokounmpo,2017-21,65708,4.22
250,Nikola Jokic,2017-21,59427,4.05
445,Kawhi Leonard,2017-21,51386,4.04
222,Paul George,2017-21,62329,3.95
525,Jimmy Butler,2017-21,57522,3.95
794,Damian Lillard,2017-21,64572,3.91
429,Kevin Durant,2017-21,52885,3.8
467,Jrue Holiday,2017-21,58322,3.76
578,James Harden,2017-21,68697,3.69
170,Rudy Gobert,2017-21,57770,3.56
541,Jayson Tatum,2017-21,52725,3.55
299,Mike Conley,2017-21,35368,3.53
400,Kyle Lowry,2017-21,58513,3.28
437,Kemba Walker,2017-21,51951,3.24
707,Draymond Green,2017-21,60312,3.21
234,Otto Porter Jr.,2017-21,35636,3.03
909,Anthony Davis,2017-21,54007,2.97
446,Karl-Anthony Towns,2017-21,47225,2.9
734,Devin Booker,2017-21,55185,2.81
882,Blake Griffin,2017-21,37253,2.81
265,Nene,2017-21,13057,2.73
187,Robert Covington,2017-21,49343,2.62
738,Derrick White,2017-21,20325,2.57
937,Alex Caruso,2017-21,19513,2.54
396,Kyrie Irving,2017-21,48126,2.52
583,Jamal Murray,2017-21,51126,2.52
656,George Hill,2017-21,39733,2.48
947,Al Horford,2017-21,50547,2.46
705,Duncan Robinson,2017-21,23906,2.4
228,Patrick Beverley,2017-21,35419,2.35
40,Victor Oladipo,2017-21,34827,2.26
148,Seth Curry,2017-21,33598,2.26
519,Joe Ingles,2017-21,55494,2.22
624,Immanuel Quickley,2017-21,5495,2.22
784,Danilo Gallinari,2017-21,39019,2.19
425,Kevin Love,2017-21,35836,2.18
872,Bradley Beal,2017-21,60413,2.16
420,Khris Middleton,2017-21,61199,2.15
248,Nikola Vucevic,2017-21,46110,2.13
720,Dillon Brooks,2017-21,29106,2.13
301,Michael Porter Jr.,2017-21,17504,2.08
249,Nikola Mirotic,2017-21,24567,2.02
408,Kristaps Porzingis,2017-21,30180,2.01
221,Paul Millsap,2017-21,40807,2
766,Davis Bertans,2017-21,30357,1.98
124,Steven Adams,2017-21,50321,1.96
231,Pascal Siakam,2017-21,48732,1.91
668,Fred VanVleet,2017-21,39075,1.91
676,Ersan Ilyasova,2017-21,30909,1.91
368,Luka Doncic,2017-21,30974,1.9
783,Danny Green,2017-21,53244,1.9
605,Ja Morant,2017-21,19015,1.87
439,Kelly Olynyk,2017-21,39993,1.85
171,Rudy Gay,2017-21,30480,1.83
646,Goran Dragic,2017-21,42006,1.83
2,Zion Williamson,2017-21,11341,1.81
645,Gordon Hayward,2017-21,37113,1.81
512,John Collins,2017-21,32863,1.79
818,Christian Wood,2017-21,12402,1.79
726,Devonte' Graham,2017-21,18110,1.76
328,Marreese Speights,2017-21,8470,1.71
856,Brook Lopez,2017-21,53726,1.7
224,Patty Mills,2017-21,42030,1.66
755,Dejounte Murray,2017-21,25720,1.66
168,Russell Westbrook,2017-21,62765,1.65
195,Reggie Jackson,2017-21,35659,1.64
451,Jusuf Nurkic,2017-21,30506,1.64
95,Tim Hardaway Jr.,2017-21,46758,1.63
112,Terance Mann,2017-21,9764,1.63
214,PJ Dozier,2017-21,7286,1.63
568,Jared Dudley,2017-21,16083,1.63
476,Josh Huestis,2017-21,4119,1.61
591,Jakob Poeltl,2017-21,28120,1.6
957,Aaron Gordon,2017-21,45046,1.58
633,Hassan Whiteside,2017-21,34146,1.57
762,De'Anthony Melton,2017-21,14158,1.57
363,Luol Deng,2017-21,7649,1.56
815,CJ McCollum,2017-21,60803,1.55
773,Darren Collison,2017-21,27201,1.54
83,Trae Young,2017-21,33438,1.53
105,Thaddeus Young,2017-21,46244,1.53
266,Nemanja Bjelica,2017-21,28899,1.53
111,Terence Davis,2017-21,10243,1.51
375,Lou Williams,2017-21,49970,1.51
770,David Lee,2017-21,7685,1.51
341,Marcus Smart,2017-21,54249,1.5
714,Donovan Mitchell,2017-21,47567,1.5
890,Bam Adebayo,2017-21,38376,1.5
275,Myles Turner,2017-21,43800,1.49
769,David Nwaba,2017-21,16202,1.48
912,Ante Zizic,2017-21,6272,1.47
610,Ish Smith,2017-21,34028,1.46
682,Eric Bledsoe,2017-21,51245,1.45
132,Spencer Dinwiddie,2017-21,32357,1.4
300,Mikal Bridges,2017-21,33517,1.4
392,LaMarcus Aldridge,2017-21,46383,1.39
90,Tomas Satoransky,2017-21,31611,1.38
190,Ricky Rubio,2017-21,45150,1.38
813,Clint Capela,2017-21,49880,1.36
285,Mitchell Robinson,2017-21,14646,1.33
442,Kelan Martin,2017-21,3491,1.32
885,Beno Udrih,2017-21,2150,1.31
922,Andre Iguodala,2017-21,44188,1.31
258,Nicolas Batum,2017-21,41674,1.3
792,Damion Lee,2017-21,13618,1.3
91,Tobias Harris,2017-21,59115,1.29
202,Raul Neto,2017-21,16462,1.28
452,Justise Winslow,2017-21,21747,1.27
233,P.J. Tucker,2017-21,63998,1.25
763,De'Andre Hunter,2017-21,12552,1.25
920,Andre Roberson,2017-21,15893,1.25
371,Luguentz Dort,2017-21,11091,1.23
372,Lucas Nogueira,2017-21,6136,1.18
433,Kenrich Williams,2017-21,14077,1.17
842,Cameron Payne,2017-21,15543,1.17
710,Dorian Finney-Smith,2017-21,36025,1.16
349,Marc Gasol,2017-21,47420,1.14
385,Larry Nance Jr.,2017-21,31397,1.13
635,Harrison Barnes,2017-21,50297,1.09
811,Cody Martin,2017-21,7042,1.09
290,Milos Teodosic,2017-21,5295,1.08
614,Isaiah Stewart,2017-21,5914,1.08
683,Enes Kanter,2017-21,36434,1.07
350,Manu Ginobili,2017-21,13569,1.06
623,Isaac Bonga,2017-21,7654,1.06
297,Mike James,2017-21,4699,1.05
611,Isaiah Whitehead,2017-21,7495,1.05
377,Lonzo Ball,2017-21,29455,1.04
46,Tyus Jones,2017-21,26357,1.01
533,Jeremy Lamb,2017-21,29847,1.01
146,Shabazz Napier,2017-21,18691,1
878,Bogdan Bogdanovic,2017-21,33734,1
232,P.J. Washington,2017-21,14832,0.99
524,JJ Redick,2017-21,44723,0.99
555,Jarrett Jack,2017-21,6298,0.99
955,Aaron Holiday,2017-21,14929,0.99
405,Kyle Anderson,2017-21,33490,0.98
458,Justin Holiday,2017-21,44140,0.97
88,Tony Allen,2017-21,8361,0.96
463,Julius Randle,2017-21,47555,0.96
740,Derrick Rose,2017-21,28721,0.96
123,Svi Mykhailiuk,2017-21,12483,0.95
681,Eric Gordon,2017-21,48866,0.95
760,Deandre Ayton,2017-21,28788,0.95
191,Richaun Holmes,2017-21,25186,0.94
235,Oshae Brissett,2017-21,2819,0.93
360,Malcolm Brogdon,2017-21,41458,0.93
712,Donte DiVincenzo,2017-21,17960,0.93
747,Dennis Schroder,2017-21,50780,0.93
751,DeMarre Carroll,2017-21,26705,0.93
660,Gary Harris,2017-21,41354,0.92
716,Domantas Sabonis,2017-21,41136,0.92
13,Yogi Ferrell,2017-21,20782,0.91
596,Jae'Sean Tate,2017-21,8487,0.9
719,Dion Waiters,2017-21,14641,0.9
823,Chris Chiozza,2017-21,3508,0.9
851,Buddy Hield,2017-21,45674,0.9
925,Amir Johnson,2017-21,15428,0.9
608,Ivica Zubac,2017-21,25593,0.89
422,Kevon Looney,2017-21,24233,0.88
945,Al-Farouq Aminu,2017-21,33191,0.88
421,Khem Birch,2017-21,16306,0.87
165,Ryan Broekhoff,2017-21,2590,0.86
508,John Konchar,2017-21,3104,0.86
520,Joe Harris,2017-21,45489,0.86
618,Isaiah Hartenstein,2017-21,4340,0.86
39,Vince Carter,2017-21,21704,0.85
666,Furkan Korkmaz,2017-21,16288,0.85
789,Daniel Gafford,2017-21,6841,0.85
824,Chris Boucher,2017-21,10477,0.85
197,Reggie Bullock,2017-21,28233,0.84
220,Paul Pierce,2017-21,1828,0.84
338,Mario Chalmers,2017-21,5722,0.84
881,Boban Marjanovic,2017-21,10370,0.84
256,Nicolas Claxton,2017-21,4244,0.83
483,Jordan Poole,2017-21,9379,0.81
242,OG Anunoby,2017-21,30978,0.8
499,Jonas Valanciunas,2017-21,39255,0.8
537,Jemerrio Jones,2017-21,590,0.8
607,J.J. Barea,2017-21,14240,0.79
162,Saddiq Bey,2017-21,7735,0.78
593,JaKarr Sampson,2017-21,5522,0.78
22,Willie Cauley-Stein,2017-21,31539,0.77
427,Kevin Huerter,2017-21,29277,0.77
108,Terrence Ross,2017-21,34542,0.76
172,Royce O'Neale,2017-21,37079,0.74
391,LaMelo Ball,2017-21,6133,0.74
700,Dwight Powell,2017-21,26855,0.74
742,Derrick Favors,2017-21,35521,0.74
87,Tony Bradley,2017-21,6175,0.73
810,Cody Zeller,2017-21,23810,0.72
277,Mychal Mulder,2017-21,4085,0.71
357,Malik Beasley,2017-21,23023,0.71
117,Taj Gibson,2017-21,36373,0.7
871,Brandan Wright,2017-21,3276,0.68
150,Serge Ibaka,2017-21,46411,0.66
743,Deron Williams,2017-21,8401,0.66
759,DeAndre Jordan,2017-21,40521,0.66
48,Tyrone Wallace,2017-21,7056,0.65
106,Thabo Sefolosha,2017-21,14362,0.65
552,Jason Terry,2017-21,9365,0.64
557,Jarrett Allen,2017-21,31867,0.63
590,Jalen Brunson,2017-21,18255,0.63
886,Ben Simmons,2017-21,48555,0.63
305,Michael Carter-Williams,2017-21,16023,0.62
506,John Wall,2017-21,32845,0.62
775,Darius Miller,2017-21,17595,0.62
921,Andre Ingram,2017-21,339,0.61
727,Devontae Cacok,2017-21,456,0.6
58,Tyler Ennis,2017-21,5167,0.59
215,Pierre Jackson,2017-21,335,0.59
472,Josh Okogie,2017-21,19055,0.59
732,Devin Harris,2017-21,13869,0.58
431,Kentavious Caldwell-Pope,2017-21,49732,0.56
669,Frank Ntilikina,2017-21,16589,0.56
322,Mason Plumlee,2017-21,34926,0.55
364,Luke Kornet,2017-21,8292,0.55
785,Daniel Theis,2017-21,24400,0.55
6,Zaza Pachulia,2017-21,14905,0.53
477,Josh Hart,2017-21,26400,0.53
497,Jonathan Isaac,2017-21,15239,0.53
189,RJ Barrett,2017-21,18225,0.51
52,Tyreke Evans,2017-21,15737,0.5
188,RJ Hunter,2017-21,314,0.5
139,Shawn Long,2017-21,958,0.49
416,Kira Lewis Jr.,2017-21,3752,0.49
597,Jae Crowder,2017-21,60565,0.49
675,Evan Fournier,2017-21,44513,0.49
4,Zhaire Smith,2017-21,649,0.48
177,Romeo Langford,2017-21,3900,0.48
311,Maxi Kleber,2017-21,27138,0.47
954,Aaron Jackson,2017-21,256,0.47
216,Payton Pritchard,2017-21,5627,0.46
559,Jarred Vanderbilt,2017-21,5357,0.46
589,Jalen Harris,2017-21,714,0.45
219,Paul Reed,2017-21,812,0.44
663,Garrett Temple,2017-21,36633,0.44
776,Darius Garland,2017-21,14618,0.44
943,Alan Williams,2017-21,3332,0.44
175,Rondae Hollis-Jefferson,2017-21,26769,0.43
709,Doug McDermott,2017-21,32147,0.43
844,Cameron Johnson,2017-21,14425,0.43
32,Wayne Ellington,2017-21,27290,0.42
780,Danuel House Jr.,2017-21,21105,0.42
166,Ryan Arcidiacono,2017-21,14761,0.41
176,Ron Baker,2017-21,5497,0.41
212,Quincy Acy,2017-21,8320,0.41
441,Keldon Johnson,2017-21,9304,0.41
923,Andre Drummond,2017-21,44860,0.41
241,Okaro White,2017-21,2165,0.4
388,Landry Shamet,2017-21,24404,0.4
545,Jaylen Brown,2017-21,51626,0.4
161,Salah Mejri,2017-21,7802,0.39
778,Dario Saric,2017-21,40720,0.39
462,Julyan Stone,2017-21,716,0.38
753,DeMar DeRozan,2017-21,57032,0.38
779,DaQuan Jeffries,2017-21,2681,0.37
817,Chuma Okeke,2017-21,4620,0.37
941,Alec Peters,2017-21,916,0.37
951,Adam Mokoka,2017-21,691,0.37
702,Dwight Buycks,2017-21,1665,0.36
180,Rodney McGruder,2017-21,19920,0.35
302,Michael Kidd-Gilchrist,2017-21,23122,0.35
411,Kostas Antetokounmpo,2017-21,379,0.35
551,JaVale McGee,2017-21,24108,0.35
642,Grant Williams,2017-21,10803,0.34
511,John Henson,2017-21,16043,0.33
15,Xavier Tillman,2017-21,4612,0.32
326,MarShon Brooks,2017-21,2290,0.32
932,Alize Johnson,2017-21,1747,0.32
383,Lauri Markkanen,2017-21,26465,0.31
387,Langston Galloway,2017-21,26239,0.31
414,Klay Thompson,2017-21,49961,0.31
119,Tacko Fall,2017-21,721,0.3
288,Mindaugas Kuzminskas,2017-21,4067,0.3
491,Jordan Crawford,2017-21,2119,0.3
764,De'Aaron Fox,2017-21,34230,0.3
897,Aron Baynes,2017-21,25578,0.3
767,David West,2017-21,10356,0.29
840,Caris LeVert,2017-21,31622,0.29
904,Anthony Tolliver,2017-21,21333,0.29
613,Isaiah Taylor,2017-21,5052,0.27
797,Dakari Johnson,2017-21,644,0.27
867,Brandon Ingram,2017-21,42501,0.27
894,Austin Rivers,2017-21,41409,0.27
21,Willie Reed,2017-21,5857,0.26
145,Shai Gilgeous-Alexander,2017-21,27485,0.26
373,Luc Mbah a Moute,2017-21,16587,0.26
417,Killian Tillie,2017-21,744,0.25
754,Delon Wright,2017-21,29940,0.24
274,Naji Marshall,2017-21,2979,0.23
287,Mirza Teletovic,2017-21,5257,0.23
334,Markieff Morris,2017-21,40385,0.23
693,Edy Tavares,2017-21,99,0.23
821,Chris McCullough,2017-21,708,0.23
28,Wes Iwundu,2017-21,16362,0.22
178,Rodney Stuckey,2017-21,2722,0.22
294,Mike Scott,2017-21,23325,0.22
295,Mike Muscala,2017-21,20799,0.22
494,Jordan Bell,2017-21,10139,0.22
745,Denzel Valentine,2017-21,18612,0.22
877,Bojan Bogdanovic,2017-21,54349,0.22
11,Zach Collins,2017-21,13377,0.21
398,Kyle Singler,2017-21,1864,0.21
570,Jamil Wilson,2017-21,1080,0.21
854,Bruno Caboclo,2017-21,5071,0.21
353,Mamadi Diakite,2017-21,895,0.2
825,Chris Andersen,2017-21,445,0.2
407,Ky Bowman,2017-21,4196,0.19
432,Kent Bazemore,2017-21,36148,0.19
793,Damien Wilkins,2017-21,599,0.19
879,Bobby Portis,2017-21,31344,0.19
598,Jaden McDaniels,2017-21,6332,0.18
604,Jabari Bird,2017-21,456,0.18
402,Kyle Korver,2017-21,30973,0.17
577,James Johnson,2017-21,29005,0.17
142,Shane Larkin,2017-21,4200,0.16
752,DeMarcus Cousins,2017-21,24227,0.16
748,Deni Avdija,2017-21,5399,0.15
855,Bruce Brown,2017-21,20816,0.15
869,Brandon Clarke,2017-21,11544,0.15
873,Brad Wanamaker,2017-21,13666,0.15
65,Ty Lawson,2017-21,6866,0.14
243,Obi Toppin,2017-21,3158,0.14
292,Miles Bridges,2017-21,22707,0.14
905,Anthony Morrow,2017-21,3091,0.14
347,Marcin Gortat,2017-21,25853,0.13
20,Willy Hernangomez,2017-21,15696,0.12
374,Louis King,2017-21,594,0.12
449,Kadeem Allen,2017-21,2592,0.12
504,Johnathan Williams,2017-21,2261,0.12
627,Ignas Brazdeikis,2017-21,1227,0.12
320,Matt Barnes,2017-21,7519,0.11
523,Joakim Noah,2017-21,7199,0.11
141,Shaquille Harrison,2017-21,11144,0.1
192,Richard Jefferson,2017-21,8485,0.1
306,Michael Beasley,2017-21,11821,0.1
696,E'Twaun Moore,2017-21,32808,0.1
728,Devon Hall,2017-21,355,0.1
10,Zach LaVine,2017-21,35298,0.08
185,Robert Williams III,2017-21,8412,0.08
612,Isaiah Thomas,2017-21,22924,0.08
689,Elijah Bryant,2017-21,542,0.08
725,Dewan Hernandez,2017-21,121,0.08
82,Travis Wear,2017-21,917,0.07
680,Eric Mika,2017-21,80,0.07
107,Terry Rozier,2017-21,47534,0.06
671,Frank Kaminsky,2017-21,24823,0.06
30,Wendell Carter Jr.,2017-21,15205,0.05
73,Trey Lyles,2017-21,21252,0.05
74,Trey Burke,2017-21,17794,0.05
164,Ryan Kelly,2017-21,431,0.03
319,Matt Costello,2017-21,122,0.03
603,Jabari Parker,2017-21,23407,0.03
89,Toney Douglas,2017-21,1538,0.02
136,Sindarius Thornwell,2017-21,7217,0.02
240,Omari Johnson,2017-21,297,0.02
580,Jamel Artis,2017-21,1099,0.02
915,Andrew Wiggins,2017-21,53350,0.02
927,Amile Jefferson,2017-21,573,0.02
80,Tremont Waters,2017-21,1543,0.01
470,Josh Richardson,2017-21,44118,0.01
515,Joel Bolomboy,2017-21,424,0.01
549,Jawun Evans,2017-21,3485,0.01
581,Jameer Nelson,2017-21,12208,0.01
695,Ed Davis,2017-21,18115,0.01
104,Thanasis Antetokounmpo,2017-21,3287,0
474,Josh Magette,2017-21,1011,0
140,Shaun Livingston,2017-21,20989,-0.01
276,Myke Henry,2017-21,1504,-0.01
315,Matthew Dellavedova,2017-21,19879,-0.01
324,Marvin Williams,2017-21,31906,-0.01
560,Jaron Blossomgame,2017-21,1727,-0.01
814,CJ Miles,2017-21,18441,-0.01
135,Skal Labissiere,2017-21,10542,-0.02
144,Shake Milton,2017-21,12392,-0.02
729,Devon Dotson,2017-21,206,-0.02
76,Trevor Ariza,2017-21,48517,-0.03
167,Ryan Anderson,2017-21,20341,-0.03
281,Monte Morris,2017-21,26648,-0.03
942,Alec Burks,2017-21,27093,-0.03
70,Troy Brown Jr.,2017-21,12716,-0.04
134,Skylar Mays,2017-21,1202,-0.04
317,Matt Thomas,2017-21,3965,-0.04
346,Marco Belinelli,2017-21,29391,-0.04
435,Kendrick Perkins,2017-21,60,-0.04
466,Juan Toscano-Anderson,2017-21,5777,-0.04
620,Isaiah Briscoe,2017-21,2263,-0.04
724,Dewayne Dedmon,2017-21,23306,-0.04
12,Yuta Watanabe,2017-21,4109,-0.05
450,Juwan Morgan,2017-21,1879,-0.05
547,Jay Scrubb,2017-21,397,-0.05
343,Marcus Morris Sr.,2017-21,52399,-0.06
781,Dante Exum,2017-21,12366,-0.06
102,Theo Pinson,2017-21,2757,-0.07
662,Garrison Mathews,2017-21,5565,-0.07
790,Damyean Dotson,2017-21,17175,-0.07
802,D.J. Augustin,2017-21,34869,-0.07
43,Vander Blue,2017-21,182,-0.08
313,Maurice Ndour,2017-21,1306,-0.09
550,Javonte Green,2017-21,3908,-0.09
650,Gian Clavell,2017-21,259,-0.09
692,Ekpe Udoh,2017-21,4766,-0.09
874,Boris Diaw,2017-21,6307,-0.09
938,Alex Abrines,2017-21,12806,-0.09
118,Tahjere McCall,2017-21,37,-0.1
261,Nick Young,2017-21,13810,-0.1
465,Juancho Hernangomez,2017-21,17413,-0.1
805,Cory Joseph,2017-21,41327,-0.1
246,Norman Powell,2017-21,38527,-0.11
394,Lamar Patterson,2017-21,152,-0.11
621,Isaac Okoro,2017-21,8673,-0.11
757,DeAndre' Bembry,2017-21,19532,-0.11
772,Darrun Hilliard,2017-21,1844,-0.11
812,Coby White,2017-21,15856,-0.11
286,Mitchell Creek,2017-21,195,-0.12
367,Luka Samanic,2017-21,1444,-0.12
628,Ian Mahinmi,2017-21,12761,-0.12
631,Henry Ellenson,2017-21,3164,-0.12
639,Greg Whittington,2017-21,47,-0.12
953,Aaron Nesmith,2017-21,3338,-0.12
38,Vincent Edwards,2017-21,63,-0.13
77,Trevon Duval,2017-21,21,-0.13
672,Frank Jackson,2017-21,11538,-0.13
718,Dirk Nowitzki,2017-21,16141,-0.13
381,Leandro Barbosa,2017-21,3929,-0.14
928,Amida Brimah,2017-21,127,-0.14
158,Sasha Vujacic,2017-21,1635,-0.15
182,Rodions Kurucs,2017-21,10150,-0.15
230,Pat Connaughton,2017-21,33648,-0.15
464,Julian Washburn,2017-21,997,-0.15
116,Talen Horton-Tucker,2017-21,6226,-0.16
316,Matt Williams Jr.,2017-21,44,-0.16
419,Khyri Thomas,2017-21,1810,-0.16
721,Didi Louzada,2017-21,237,-0.16
264,Nerlens Noel,2017-21,23132,-0.18
863,Brandon Rush,2017-21,4002,-0.18
223,Pau Gasol,2017-21,18318,-0.19
365,Luke Kennard,2017-21,22851,-0.19
830,Charlie Brown Jr.,2017-21,805,-0.19
237,Omri Casspi,2017-21,7703,-0.2
314,Maurice Harkless,2017-21,33304,-0.2
479,Josh Green,2017-21,1833,-0.2
691,Elfrid Payton,2017-21,33638,-0.2
68,Troy Daniels,2017-21,17352,-0.22
569,JaMychal Green,2017-21,34804,-0.22
731,Devin Robinson,2017-21,439,-0.22
910,Anthony Brown,2017-21,624,-0.22
26,Wesley Matthews,2017-21,41792,-0.23
47,Tyson Chandler,2017-21,14689,-0.23
120,T.J. Warren,2017-21,33661,-0.23
218,Paul Watson,2017-21,1691,-0.23
931,Allen Crabbe,2017-21,26360,-0.23
321,Matisse Thybulle,2017-21,13090,-0.24
359,Malcolm Delaney,2017-21,9082,-0.24
540,Jeff Green,2017-21,41822,-0.24
592,Jake Layman,2017-21,12266,-0.24
654,Georges Niang,2017-21,13558,-0.24
861,Brian Bowen II,2017-21,185,-0.24
903,Antonio Blakeney,2017-21,4648,-0.24
247,Noah Vonleh,2017-21,18083,-0.25
253,Nigel Hayes,2017-21,460,-0.25
325,Marvin Bagley III,2017-21,12559,-0.25
913,Angel Delgado,2017-21,63,-0.25
893,Avery Bradley,2017-21,33283,-0.26
16,Xavier Silas,2017-21,29,-0.27
92,Timothe Luwawu-Cabarrot,2017-21,20309,-0.27
113,Taurean Prince,2017-21,33667,-0.27
270,Nate Wolters,2017-21,66,-0.27
489,Jordan Hill,2017-21,170,-0.27
490,Jordan Farmar,2017-21,137,-0.27
930,Allonzo Trier,2017-21,7223,-0.27
54,Tyler Ulis,2017-21,11463,-0.28
538,Jeff Withey,2017-21,1992,-0.28
556,Jarrett Culver,2017-21,8524,-0.28
99,Thomas Welsh,2017-21,157,-0.29
280,Montrezl Harrell,2017-21,36525,-0.29
329,Marquis Teague,2017-21,296,-0.29
843,Cameron Oliver,2017-21,368,-0.29
908,Anthony Edwards,2017-21,9712,-0.29
406,Kyle Alexander,2017-21,59,-0.3
29,Wenyen Gabriel,2017-21,2285,-0.31
143,Shamorie Ponds,2017-21,41,-0.31
484,Jordan Nwora,2017-21,1413,-0.31
599,Jacob Wiley,2017-21,135,-0.31
837,Cassius Stanley,2017-21,384,-0.31
847,Caleb Martin,2017-21,4511,-0.31
404,Kyle Collinsworth,2017-21,1880,-0.32
410,Kris Dunn,2017-21,22710,-0.32
471,Josh Reaves,2017-21,187,-0.32
563,Jarell Martin,2017-21,10283,-0.32
637,Guerschon Yabusele,2017-21,2449,-0.32
862,Brandon Sampson,2017-21,850,-0.32
268,Naz Mitrou-Long,2017-21,542,-0.33
312,Max Strus,2017-21,2071,-0.33
327,Marshall Plumlee,2017-21,893,-0.33
600,Jacob Pullen,2017-21,27,-0.33
816,CJ Elleby,2017-21,885,-0.33
857,Brodric Thomas,2017-21,1631,-0.33
51,Tyrell Terry,2017-21,229,-0.34
336,Markel Brown,2017-21,120,-0.34
616,Isaiah Joe,2017-21,1659,-0.34
875,Bonzie Colson,2017-21,442,-0.34
892,Axel Toupane,2017-21,518,-0.34
342,Marcus Paige,2017-21,108,-0.35
345,Marcus Derrickson,2017-21,263,-0.35
888,Ben McLemore,2017-21,21712,-0.35
69,Troy Caupain,2017-21,58,-0.36
75,Trevor Booker,2017-21,12429,-0.36
173,Roy Hibbert,2017-21,2713,-0.36
14,Yante Maten,2017-21,53,-0.37
129,Stanton Kidd,2017-21,67,-0.37
252,Nigel Williams-Goss,2017-21,222,-0.37
356,Malik Fitts,2017-21,41,-0.37
366,Luke Babbitt,2017-21,7044,-0.37
475,Josh Jackson,2017-21,24517,-0.37
594,Jahmi'us Ramsey,2017-21,401,-0.37
606,J.P. Macura,2017-21,70,-0.37
704,Dusty Hannahs,2017-21,167,-0.37
735,DeVaughn Akoon-Purcell,2017-21,88,-0.37
864,Brandon Paul,2017-21,2337,-0.37
78,Treveon Graham,2017-21,12530,-0.38
901,Anzejs Pasecniks,2017-21,1875,-0.38
282,Monta Ellis,2017-21,8493,-0.39
546,Jaylen Adams,2017-21,1916,-0.39
50,Tyrese Haliburton,2017-21,7248,-0.4
579,James Ennis III,2017-21,30286,-0.4
703,Dwayne Bacon,2017-21,16280,-0.4
806,Corey Brewer,2017-21,13694,-0.4
809,Cole Aldrich,2017-21,2279,-0.4
841,Cameron Reynolds,2017-21,1233,-0.4
41,Vic Law,2017-21,283,-0.41
183,Robin Lopez,2017-21,33984,-0.41
384,Larry Sanders,2017-21,51,-0.41
527,Jevon Carter,2017-21,9295,-0.41
531,Jeremy Pargo,2017-21,177,-0.41
647,Goga Bitadze,2017-21,4391,-0.41
736,Desmond Bane,2017-21,7104,-0.41
786,Daniel Oturu,2017-21,730,-0.41
796,Dakota Mathias,2017-21,513,-0.41
804,Courtney Lee,2017-21,22059,-0.41
401,Kyle Kuzma,2017-21,39169,-0.42
507,John Lucas III,2017-21,42,-0.42
832,Channing Frye,2017-21,10855,-0.42
42,Vernon Carey Jr.,2017-21,453,-0.43
436,Kendrick Nunn,2017-21,17187,-0.43
544,Jaylen Hoard,2017-21,1945,-0.43
625,Iman Shumpert,2017-21,19183,-0.43
799,Dahntay Jones,2017-21,308,-0.43
122,T.J. Leaf,2017-21,5296,-0.44
273,Nassir Little,2017-21,5057,-0.44
333,Marko Guduric,2017-21,2052,-0.44
399,Kyle O'Quinn,2017-21,13251,-0.44
659,Gary Neal,2017-21,73,-0.44
699,Dwyane Wade,2017-21,23577,-0.44
768,David Stockton,2017-21,83,-0.44
60,Tyler Davis,2017-21,1,-0.45
184,Robert Woodard II,2017-21,190,-0.45
284,Miye Oni,2017-21,2966,-0.45
934,Alexis Ajinca,2017-21,2356,-0.45
260,Nickeil Alexander-Walker,2017-21,6638,-0.46
352,Mangok Mathiang,2017-21,83,-0.46
358,Malcolm Miller,2017-21,1761,-0.46
453,Justin Wright-Foreman,2017-21,181,-0.46
667,Freddie Gillespie,2017-21,1593,-0.46
536,Jerami Grant,2017-21,47448,-0.47
698,Dylan Windler,2017-21,2101,-0.47
267,Naz Reid,2017-21,7824,-0.48
713,Donta Hall,2017-21,1461,-0.48
788,Daniel Hamilton,2017-21,956,-0.48
906,Anthony Lamb,2017-21,1755,-0.48
33,Walt Lemon Jr.,2017-21,833,-0.49
59,Tyler Dorsey,2017-21,6905,-0.49
149,Sergio Rodriguez,2017-21,6095,-0.49
390,Lance Stephenson,2017-21,15480,-0.49
858,Brice Johnson,2017-21,451,-0.49
949,Adreian Payne,2017-21,700,-0.49
64,Ty-Shon Alexander,2017-21,198,-0.5
657,Gary Trent Jr.,2017-21,14630,-0.5
53,Tyler Zeller,2017-21,8118,-0.51
160,Sam Dekker,2017-21,12980,-0.51
293,Mike Tobey,2017-21,92,-0.51
448,Kalin Lucas,2017-21,22,-0.51
800,D'Angelo Russell,2017-21,35168,-0.51
137,Shelvin Mack,2017-21,16066,-0.52
677,Erik McCree,2017-21,33,-0.52
929,Alonzo Gee,2017-21,378,-0.52
9,Zach Lofton,2017-21,15,-0.53
495,Jontay Porter,2017-21,217,-0.53
564,Jarell Eddie,2017-21,310,-0.53
685,Emeka Okafor,2017-21,1538,-0.53
919,Andrew Bogut,2017-21,5045,-0.53
97,Tiago Splitter,2017-21,307,-0.54
157,Scott Machado,2017-21,77,-0.54
289,Milton Doyle,2017-21,504,-0.54
434,Kenneth Faried,2017-21,10563,-0.54
561,Jarnell Stokes,2017-21,26,-0.54
582,Jameel Warney,2017-21,100,-0.54
711,Donte Grantham,2017-21,8,-0.54
891,B.J. Johnson,2017-21,592,-0.54
62,Tyler Cavanaugh,2017-21,2278,-0.55
72,Trey McKinney-Jones,2017-21,5,-0.55
226,Patrick Patterson,2017-21,22477,-0.55
532,Jeremy Lin,2017-21,10285,-0.55
636,Hamidou Diallo,2017-21,11188,-0.55
848,C.J. Williams,2017-21,3375,-0.55
206,Rakeem Christmas,2017-21,871,-0.56
296,Mike Miller,2017-21,625,-0.56
488,Jordan Loyd,2017-21,248,-0.56
539,Jeff Teague,2017-21,38426,-0.56
741,Derrick Jones Jr.,2017-21,19661,-0.56
774,Darrell Arthur,2017-21,3148,-0.56
835,Cedi Osman,2017-21,26747,-0.56
71,Tristan Thompson,2017-21,39154,-0.57
163,Saben Lee,2017-21,3120,-0.57
339,Marial Shayok,2017-21,121,-0.57
457,Justin Jackson,2017-21,19608,-0.57
487,Jordan McLaughlin,2017-21,6491,-0.57
622,Isaac Humphries,2017-21,250,-0.57
853,Bruno Fernando,2017-21,4019,-0.57
946,Al Jefferson,2017-21,5536,-0.57
687,Elijah Millsap,2017-21,88,-0.58
948,AJ Hammons,2017-21,633,-0.58
138,Sheldon Mac,2017-21,1270,-0.59
193,Reggie Williams,2017-21,327,-0.59
198,Raymond Felton,2017-21,15562,-0.59
697,Dzanan Musa,2017-21,2725,-0.59
717,DJ Stephens,2017-21,31,-0.59
846,Caleb Swanigan,2017-21,2759,-0.59
86,Tony Parker,2017-21,16306,-0.6
376,Lorenzo Brown,2017-21,1530,-0.6
386,Larry Drew II,2017-21,267,-0.6
694,Edmond Sumner,2017-21,6769,-0.6
23,William Howard,2017-21,56,-0.61
61,Tyler Cook,2017-21,2007,-0.61
125,Steve Novak,2017-21,73,-0.61
644,Gorgui Dieng,2017-21,27282,-0.61
94,Tim Quarterman,2017-21,424,-0.62
114,Tariq Owens,2017-21,61,-0.62
701,Dwight Howard,2017-21,34583,-0.62
884,Billy Garrett,2017-21,258,-0.62
926,Amir Coffey,2017-21,2425,-0.62
370,Luis Montero,2017-21,30,-0.63
492,Jordan Clarkson,2017-21,46888,-0.63
686,Emanuel Terry,2017-21,100,-0.63
573,James Webb III,2017-21,474,-0.64
708,Dragan Bender,2017-21,15521,-0.64
839,Carmelo Anthony,2017-21,40164,-0.64
186,Robert Franks,2017-21,412,-0.66
201,Rawle Alkins,2017-21,498,-0.66
500,Jonas Jerebko,2017-21,16876,-0.66
585,Jalen Smith,2017-21,785,-0.66
761,Dean Wade,2017-21,5158,-0.66
548,Jaxson Hayes,2017-21,8755,-0.67
196,Reggie Hearn,2017-21,26,-0.68
303,Michael Gbinije,2017-21,118,-0.68
543,Jaylen Morris,2017-21,549,-0.68
638,Greivis Vasquez,2017-21,158,-0.68
771,Daryl Macon,2017-21,418,-0.68
866,Brandon Jennings,2017-21,9583,-0.68
109,Terrence Jones,2017-21,5119,-0.69
155,Sean Kilpatrick,2017-21,9897,-0.69
469,Josh Smith,2017-21,50,-0.69
798,Dairis Bertans,2017-21,707,-0.69
496,Jonathon Simmons,2017-21,20934,-0.7
509,John Jenkins,2017-21,1394,-0.7
643,Grant Riller,2017-21,102,-0.7
730,Devin Vassell,2017-21,4361,-0.7
25,Will Barton,2017-21,40240,-0.71
133,Solomon Hill,2017-21,27342,-0.71
156,Scotty Hopson,2017-21,39,-0.71
602,Jack Cooley,2017-21,336,-0.71
827,Chimezie Metu,2017-21,3031,-0.71
115,Tarik Black,2017-21,6757,-0.72
318,Matt Mooney,2017-21,72,-0.72
331,Marques Bolden,2017-21,124,-0.72
653,Georgios Papagiannis,2017-21,1871,-0.72
56,Tyler Johnson,2017-21,30787,-0.73
362,Malachi Flynn,2017-21,3794,-0.73
542,Jaylen Nowell,2017-21,3847,-0.73
565,Jared Terrell,2017-21,448,-0.73
1,Zylan Cheatham,2017-21,216,-0.74
18,Xavier Munford,2017-21,81,-0.74
459,Justin Harper,2017-21,129,-0.74
502,Jon Leuer,2017-21,9810,-0.74
587,Jalen Lecque,2017-21,189,-0.74
632,Haywood Highsmith,2017-21,172,-0.74
918,Andrew Harrison,2017-21,12279,-0.74
308,Meyers Leonard,2017-21,15622,-0.75
199,Rayjon Tucker,2017-21,1041,-0.76
379,London Perrantes,2017-21,253,-0.76
382,Lavoy Allen,2017-21,3526,-0.76
670,Frank Mason III,2017-21,6482,-0.76
845,Cam Reddish,2017-21,10559,-0.76
849,C.J. Wilcox,2017-21,419,-0.76
887,Ben Moore,2017-21,42,-0.76
896,Arron Afflalo,2017-21,8822,-0.76
567,Jared Harper,2017-21,103,-0.77
831,Charles Cooke,2017-21,148,-0.77
24,Will Magnay,2017-21,15,-0.78
505,Johnathan Motley,2017-21,1513,-0.78
630,Hollis Thompson,2017-21,2985,-0.78
652,Gerald Green,2017-21,16246,-0.78
749,Deng Adel,2017-21,746,-0.78
55,Tyler Lydon,2017-21,388,-0.79
96,Tim Frazier,2017-21,16201,-0.79
194,Reggie Perry,2017-21,1054,-0.79
403,Kyle Guy,2017-21,1021,-0.79
944,Alan Anderson,2017-21,1194,-0.79
217,Paul Zipser,2017-21,7571,-0.8
486,Jordan McRae,2017-21,6250,-0.8
935,Alex Poythress,2017-21,2345,-0.8
37,Vincent Hunter,2017-21,31,-0.81
101,Thomas Bryant,2017-21,12577,-0.81
348,Marcelo Huertas,2017-21,968,-0.81
746,Dennis Smith Jr.,2017-21,18186,-0.81
756,Deividas Sirvydis,2017-21,534,-0.81
807,Collin Sexton,2017-21,27699,-0.81
204,Randy Foye,2017-21,5355,-0.82
244,Norvel Pelle,2017-21,1347,-0.82
269,Nathan Knight,2017-21,1240,-0.82
335,Markelle Fultz,2017-21,13376,-0.82
588,Jalen Jones,2017-21,1564,-0.82
626,Ike Anigbogu,2017-21,144,-0.82
777,Darius Bazley,2017-21,12780,-0.82
415,KJ McDaniels,2017-21,2048,-0.83
428,Kevin Hervey,2017-21,234,-0.83
229,Patricio Garino,2017-21,165,-0.85
344,Marcus Georges-Hunt,2017-21,1127,-0.85
516,Joel Anthony,2017-21,597,-0.85
688,Elijah Hughes,2017-21,259,-0.85
722,Diamond Stone,2017-21,95,-0.85
782,Dante Cunningham,2017-21,16815,-0.85
304,Michael Frazier II,2017-21,741,-0.86
534,Jeremy Evans,2017-21,23,-0.86
673,Facundo Campazzo,2017-21,7892,-0.86
850,C.J. Watson,2017-21,4015,-0.86
200,Ray Spalding,2017-21,708,-0.87
238,Omer Asik,2017-21,2671,-0.87
310,Melvin Frazier,2017-21,835,-0.87
898,Armoni Brooks,2017-21,2164,-0.87
17,Xavier Rathan-Mayes,2017-21,479,-0.88
159,Sam Merrill,2017-21,1219,-0.88
262,Nick Richards,2017-21,247,-0.88
454,Justin Robinson,2017-21,554,-0.88
482,Jordan Sibert,2017-21,18,-0.88
510,John Holland,2017-21,712,-0.88
739,Derrick Walton,2017-21,1588,-0.88
933,Alfonzo McKinnie,2017-21,9942,-0.88
19,Wilson Chandler,2017-21,26570,-0.89
49,Tyrese Maxey,2017-21,5122,-0.9
121,T.J. McConnell,2017-21,37135,-0.9
664,Gabriel Deck,2017-21,873,-0.9
889,Ben Bentil,2017-21,43,-0.9
259,Nico Mannion,2017-21,1516,-0.91
617,Isaiah Hicks,2017-21,1099,-0.91
640,Greg Monroe,2017-21,15939,-0.91
939,Alen Smailagic,2017-21,937,-0.91
522,Jodie Meeks,2017-21,8467,-0.92
733,Devin Cannady,2017-21,308,-0.92
860,Brian Roberts,2017-21,1582,-0.92
179,Rodney Purvis,2017-21,1152,-0.93
787,Daniel Ochefu,2017-21,328,-0.93
826,Chinanu Onuaku,2017-21,313,-0.93
895,Ashton Hagans,2017-21,18,-0.93
254,Nicolo Melli,2017-21,6769,-0.94
412,Kosta Koufos,2017-21,12977,-0.94
456,Justin James,2017-21,2268,-0.94
648,Glenn Robinson III,2017-21,18934,-0.94
679,Eric Moreland,2017-21,3549,-0.94
690,Elie Okobo,2017-21,6822,-0.94
822,Chris Clemons,2017-21,1318,-0.94
900,Archie Goodwin,2017-21,858,-0.95
950,Admiral Schofield,2017-21,1541,-0.95
169,Rui Hachimura,2017-21,15317,-0.96
521,Joe Chealey,2017-21,163,-0.96
876,Bol Bol,2017-21,1246,-0.96
66,Ty Jerome,2017-21,4635,-0.98
354,Malik Newman,2017-21,13,-0.99
409,Kris Humphries,2017-21,2754,-0.99
255,Nicolas Laprovittola,2017-21,670,-1
447,Karim Mane,2017-21,361,-1
723,Deyonta Davis,2017-21,5290,-1
535,Jeremiah Martin,2017-21,965,-1.01
574,James Nunnally,2017-21,610,-1.01
562,Jaren Jackson Jr.,2017-21,15005,-1.02
566,Jared Sullinger,2017-21,459,-1.02
93,Timofey Mozgov,2017-21,5920,-1.03
126,Sterling Brown,2017-21,17385,-1.03
251,Nik Stauskas,2017-21,15049,-1.03
615,Isaiah Roby,2017-21,5974,-1.03
36,Vincent Poirier,2017-21,734,-1.04
369,Luis Scola,2017-21,1902,-1.04
601,Jacob Evans,2017-21,2716,-1.04
665,Gabe Vincent,2017-21,3012,-1.04
958,Aaron Brooks,2017-21,4302,-1.04
207,Rajon Rondo,2017-21,35152,-1.05
351,Manny Harris,2017-21,100,-1.05
655,George King,2017-21,22,-1.05
744,Deonte Burton,2017-21,2561,-1.05
263,Nick Collison,2017-21,803,-1.06
899,Arinze Onuaku,2017-21,104,-1.06
833,Chandler Parsons,2017-21,7500,-1.08
478,Josh Hall,2017-21,1422,-1.09
529,Jerome Robinson,2017-21,7273,-1.09
393,Lamar Stevens,2017-21,2025,-1.1
211,Quincy Pondexter,2017-21,2032,-1.11
8,Zach Norvell,2017-21,175,-1.12
27,Wesley Johnson,2017-21,11657,-1.12
130,Stanley Johnson,2017-21,22870,-1.12
332,Markus Howard,2017-21,1736,-1.12
418,Killian Hayes,2017-21,2745,-1.12
440,Keljin Blevins,2017-21,363,-1.12
225,Patrick Williams,2017-21,8075,-1.13
956,Aaron Harrison,2017-21,991,-1.13
100,Thomas Robinson,2017-21,2243,-1.14
430,Kenyon Martin Jr.,2017-21,4461,-1.15
750,Demetrius Jackson,2017-21,551,-1.15
911,Anthony Bennett,2017-21,1112,-1.15
444,Kay Felder,2017-21,2094,-1.16
530,Jerian Grant,2017-21,15377,-1.16
5,Zeke Nnaji,2017-21,1766,-1.17
7,Zach Randolph,2017-21,13993,-1.17
81,Tre Jones,2017-21,1084,-1.17
907,Anthony Gill,2017-21,1174,-1.17
31,Wayne Selden,2017-21,10303,-1.19
63,Tyler Bey,2017-21,303,-1.19
501,Jonah Bolden,2017-21,3601,-1.19
85,Tony Snell,2017-21,36514,-1.2
181,Rodney Hood,2017-21,33220,-1.2
272,Nate Darling,2017-21,101,-1.2
127,Stephen Zimmerman,2017-21,414,-1.22
765,Davon Reed,2017-21,1208,-1.22
868,Brandon Goodwin,2017-21,4477,-1.22
79,Trent Forrest,2017-21,1268,-1.23
554,Jarrod Uthoff,2017-21,648,-1.23
205,Ramon Sessions,2017-21,4824,-1.24
298,Mike Dunleavy,2017-21,3812,-1.24
361,Malachi Richardson,2017-21,2504,-1.24
473,Josh McRoberts,2017-21,1459,-1.24
493,Jordan Bone,2017-21,1007,-1.24
526,Jimmer Fredette,2017-21,273,-1.24
661,Gary Clark,2017-21,8906,-1.24
791,Damjan Rudez,2017-21,1218,-1.24
3,Zhou Qi,2017-21,553,-1.26
571,James Young,2017-21,1425,-1.26
84,Torrey Craig,2017-21,23520,-1.27
438,Kelly Oubre Jr.,2017-21,41096,-1.28
836,Cassius Winston,2017-21,437,-1.28
481,Jose Calderon,2017-21,9780,-1.29
397,Kyle Wiltjer,2017-21,238,-1.3
455,Justin Patton,2017-21,1236,-1.3
629,Ian Clark,2017-21,18099,-1.3
468,JR Smith,2017-21,24701,-1.31
586,Jalen McDaniels,2017-21,4723,-1.31
575,James Michael McAdoo,2017-21,2361,-1.32
834,Chandler Hutchison,2017-21,7538,-1.33
485,Jordan Mickey,2017-21,1768,-1.34
174,Ronnie Price,2017-21,555,-1.35
498,Jonathan Gibson,2017-21,1071,-1.35
852,Bryn Forbes,2017-21,33171,-1.35
239,Omari Spellman,2017-21,7137,-1.36
808,Cole Anthony,2017-21,5187,-1.36
45,Udoka Azubuike,2017-21,244,-1.37
57,Tyler Herro,2017-21,19030,-1.38
609,Ivan Rabb,2017-21,4924,-1.38
309,Metta World Peace,2017-21,632,-1.39
395,KZ Okpala,2017-21,1900,-1.39
737,Derrick Williams,2017-21,3464,-1.39
153,Sekou Doumbouya,2017-21,6502,-1.4
245,Norris Cole,2017-21,691,-1.41
67,Troy Williams,2017-21,4987,-1.42
480,Josh Gray,2017-21,460,-1.42
678,Eric Paschall,2017-21,9758,-1.42
154,Sean McDermott,2017-21,659,-1.43
355,Malik Monk,2017-21,16997,-1.43
518,Joe Johnson,2017-21,14593,-1.44
902,Antonius Cleveland,2017-21,761,-1.44
924,Anderson Varejao,2017-21,535,-1.44
151,Semi Ojeleye,2017-21,18047,-1.45
916,Andrew White III,2017-21,865,-1.45
98,Thon Maker,2017-21,16819,-1.47
236,Onyeka Okongwu,2017-21,3794,-1.47
323,Mason Jones,2017-21,1421,-1.47
209,Quinndary Weatherspoon,2017-21,851,-1.48
423,Kevin Seraphin,2017-21,2655,-1.48
706,Drew Eubanks,2017-21,4726,-1.48
619,Isaiah Canaan,2017-21,7196,-1.49
819,Chris Silva,2017-21,1813,-1.49
35,Vlatko Cancar,2017-21,1530,-1.5
213,Precious Achiuwa,2017-21,3074,-1.5
271,Nate Hinton,2017-21,392,-1.5
110,Terrance Ferguson,2017-21,17846,-1.51
558,Jarrell Brantley,2017-21,1077,-1.51
443,Keita Bates-Diop,2017-21,6346,-1.52
279,Moritz Wagner,2017-21,8606,-1.53
936,Alex Len,2017-21,27727,-1.54
257,Nicolas Brussino,2017-21,2042,-1.56
378,Lonnie Walker IV,2017-21,10863,-1.56
203,Rashad Vaughn,2017-21,2685,-1.59
513,Joffrey Lauvergne,2017-21,6303,-1.59
838,Carsen Edwards,2017-21,2669,-1.59
340,Marcus Thornton,2017-21,2275,-1.6
940,Aleksej Pokusevski,2017-21,4590,-1.6
715,Donatas Motiejunas,2017-21,2125,-1.61
337,Mario Hezonja,2017-21,19442,-1.62
208,R.J. Hampton,2017-21,3665,-1.63
307,Mfiondu Kabengele,2017-21,1421,-1.63
517,Joe Young,2017-21,2760,-1.66
651,Gerald Henderson,2017-21,6780,-1.66
291,Miles Plumlee,2017-21,6313,-1.68
634,Harry Giles III,2017-21,7697,-1.69
829,Chasson Randle,2017-21,7855,-1.7
147,Shabazz Muhammad,2017-21,7876,-1.71
674,Evan Turner,2017-21,26077,-1.73
828,Cheick Diallo,2017-21,9345,-1.73
389,Lance Thomas,2017-21,12935,-1.74
576,James Jones,2017-21,1713,-1.74
210,Quinn Cook,2017-21,13743,-1.77
870,Brandon Bass,2017-21,2279,-1.77
424,Kevin Porter Jr.,2017-21,8218,-1.79
503,Johnny O'Bryant III,2017-21,1854,-1.79
801,D.J. Wilson,2017-21,7713,-1.81
103,Theo Maledon,2017-21,7445,-1.83
461,Justin Anderson,2017-21,9907,-1.83
658,Gary Payton II,2017-21,3339,-1.84
914,Anfernee Simons,2017-21,12510,-1.84
413,Kobi Simmons,2017-21,2545,-1.85
283,Mo Bamba,2017-21,9624,-1.87
553,Jason Smith,2017-21,7511,-1.87
278,Moses Brown,2017-21,4029,-1.89
684,Emmanuel Mudiay,2017-21,21224,-1.93
426,Kevin Knox II,2017-21,15640,-1.94
330,Marquese Chriss,2017-21,20669,-1.95
641,Grayson Allen,2017-21,11113,-1.97
460,Justin Hamilton,2017-21,4904,-2.06
880,Bobby Brown,2017-21,1153,-2.08
859,Briante Weber,2017-21,1720,-2.14
917,Andrew Nicholson,2017-21,1348,-2.15
152,Semaj Christon,2017-21,3967,-2.17
883,Bismack Biyombo,2017-21,25498,-2.19
572,James Wiseman,2017-21,3590,-2.2
795,Damian Jones,2017-21,8693,-2.23
131,Spencer Hawes,2017-21,3337,-2.26
528,Jerryd Bayless,2017-21,6791,-2.28
584,Jamal Crawford,2017-21,22670,-2.28
44,Udonis Haslem,2017-21,1295,-2.46
865,Brandon Knight,2017-21,9494,-2.48
758,DeAndre Liggins,2017-21,6036,-2.56
34,Wade Baldwin IV,2017-21,2548,-2.58
803,Cristiano Felicio,2017-21,13557,-2.64
595,Jahlil Okafor,2017-21,13150,-2.71
952,Abdel Nader,2017-21,10773,-2.99
227,Patrick McCaw,2017-21,15943,-3.02